age,workclass,fnlwgt,education,education.num,marital.status,occupation,relationship,race,sex,capital.gain,capital.loss,hours.per.week,native.country,income
29,Private,280618,Some-college,10,Married-civ-spouse,Handlers-cleaners,Husband,White,Male,0,0,40,United-States,<=50K
19,Private,439779,Some-college,10,Never-married,Sales,Own-child,White,Male,0,0,15,United-States,<=50K
28,Private,204734,Some-college,10,Married-civ-spouse,Tech-support,Wife,White,Female,0,0,40,United-States,<=50K
35,Private,107991,11th,7,Never-married,Sales,Not-in-family,White,Male,0,0,45,United-States,<=50K
20,Private,54152,Some-college,10,Never-married,Adm-clerical,Own-child,White,Female,0,0,30,?,<=50K
36,Private,240323,Some-college,10,Widowed,Adm-clerical,Unmarried,Black,Female,0,0,40,United-States,<=50K
46,Private,279196,Bachelors,13,Never-married,Craft-repair,Not-in-family,White,Female,0,0,40,United-States,<=50K
35,Private,48123,12th,8,Married-civ-spouse,Craft-repair,Wife,White,Female,0,0,50,United-States,<=50K
28,Private,166481,7th-8th,4,Married-civ-spouse,Handlers-cleaners,Husband,Other,Male,0,2179,40,Puerto-Rico,<=50K
23,Private,129042,HS-grad,9,Never-married,Machine-op-inspct,Unmarried,Black,Female,0,0,40,United-States,<=50K
45,Private,100651,HS-grad,9,Divorced,Other-service,Not-in-family,White,Male,0,1980,40,United-States,<=50K
35,?,35854,Some-college,10,Never-married,?,Own-child,White,Female,0,0,40,United-States,<=50K
39,Private,280570,Bachelors,13,Married-civ-spouse,Exec-managerial,Husband,White,Male,0,0,45,United-States,<=50K
22,Private,204160,HS-grad,9,Divorced,Machine-op-inspct,Own-child,White,Female,0,0,40,United-States,<=50K
45,Private,195949,HS-grad,9,Married-civ-spouse,Craft-repair,Husband,White,Male,0,0,40,United-States,<=50K
19,Private,27433,11th,7,Never-married,Handlers-cleaners,Not-in-family,White,Male,0,0,40,United-States,<=50K
31,Private,91964,Some-college,10,Never-married,Adm-clerical,Other-relative,White,Male,0,0,40,United-States,<=50K
53,Private,30244,Assoc-acdm,12,Married-civ-spouse,Exec-managerial,Husband,White,Male,15024,0,40,United-States,>50K
51,Private,48343,Masters,14,Married-civ-spouse,Exec-managerial,Husband,White,Male,7298,0,50,United-States,>50K
25,Private,231714,Some-college,10,Married-civ-spouse,Machine-op-inspct,Husband,White,Male,0,0,40,United-States,<=50K
77,?,152900,5th-6th,3,Married-civ-spouse,?,Husband,White,Male,0,0,20,United-States,<=50K
45,Private,98092,HS-grad,9,Married-civ-spouse,Sales,Husband,White,Male,0,0,60,United-States,<=50K
25,Private,181772,Some-college,10,Married-civ-spouse,Craft-repair,Husband,White,Male,0,0,40,United-States,<=50K
23,Private,38251,HS-grad,9,Never-married,Other-service,Own-child,White,Female,0,0,40,United-States,<=50K
33,Private,117983,HS-grad,9,Never-married,Adm-clerical,Not-in-family,White,Female,0,0,41,United-States,<=50K
49,Private,28791,Some-college,10,Divorced,Other-service,Not-in-family,White,Female,0,0,40,United-States,<=50K
57,Local-gov,143910,Bachelors,13,Divorced,Exec-managerial,Not-in-family,White,Male,0,0,40,United-States,<=50K
54,Private,340476,HS-grad,9,Separated,Sales,Unmarried,White,Female,0,0,35,United-States,<=50K
24,Private,202570,Bachelors,13,Never-married,Prof-specialty,Own-child,Black,Male,0,0,15,United-States,<=50K
41,Private,142717,Some-college,10,Divorced,Tech-support,Unmarried,Black,Female,0,0,36,United-States,<=50K
57,State-gov,254949,HS-grad,9,Married-civ-spouse,Exec-managerial,Husband,White,Male,0,0,40,United-States,>50K
59,Self-emp-inc,31359,Masters,14,Married-civ-spouse,Exec-managerial,Husband,White,Male,15024,0,80,United-States,>50K
46,Private,109089,HS-grad,9,Divorced,Craft-repair,Not-in-family,White,Male,0,0,37,United-States,<=50K
46,Federal-gov,268281,Assoc-acdm,12,Divorced,Adm-clerical,Unmarried,White,Female,0,0,40,United-States,<=50K
34,Private,134886,Some-college,10,Never-married,Adm-clerical,Not-in-family,White,Female,0,0,40,United-States,<=50K
27,Private,223751,Some-college,10,Never-married,Craft-repair,Not-in-family,White,Male,0,0,45,United-States,<=50K
41,Self-emp-inc,32185,Bachelors,13,Married-civ-spouse,Tech-support,Husband,White,Male,0,0,40,United-States,<=50K
32,Private,205019,Assoc-acdm,12,Never-married,Sales,Not-in-family,Black,Male,0,0,50,United-States,<=50K
28,Private,161087,Some-college,10,Never-married,Exec-managerial,Not-in-family,Black,Female,0,0,45,Jamaica,<=50K
39,Self-emp-inc,283338,Bachelors,13,Married-civ-spouse,Exec-managerial,Husband,White,Male,7298,0,40,United-States,>50K
43,Private,281422,Assoc-acdm,12,Never-married,Adm-clerical,Not-in-family,Black,Female,0,0,45,United-States,<=50K
55,Private,139843,HS-grad,9,Divorced,Exec-managerial,Not-in-family,White,Female,0,0,60,United-States,<=50K
34,Self-emp-inc,127651,Bachelors,13,Divorced,Farming-fishing,Not-in-family,White,Male,0,0,60,United-States,<=50K
44,Private,128354,Masters,14,Divorced,Exec-managerial,Unmarried,White,Female,0,0,40,United-States,<=50K
18,Private,198087,HS-grad,9,Never-married,Sales,Own-child,White,Female,0,0,30,United-States,<=50K
65,?,325537,Assoc-voc,11,Married-civ-spouse,?,Husband,White,Male,0,0,50,United-States,>50K
36,Self-emp-not-inc,347491,Doctorate,16,Married-civ-spouse,Prof-specialty,Husband,White,Male,0,0,35,United-States,<=50K
42,Private,166740,Bachelors,13,Divorced,Prof-specialty,Not-in-family,White,Male,0,0,40,United-States,<=50K
30,Self-emp-not-inc,172748,7th-8th,4,Never-married,Craft-repair,Own-child,White,Male,0,0,40,United-States,<=50K
55,Private,190257,HS-grad,9,Married-civ-spouse,Farming-fishing,Husband,White,Male,0,0,53,United-States,>50K
35,Private,331831,Bachelors,13,Married-civ-spouse,Sales,Husband,White,Male,0,0,40,United-States,<=50K
35,Private,153790,Some-college,10,Never-married,Sales,Not-in-family,Amer-Indian-Eskimo,Female,0,0,40,United-States,<=50K
27,?,29361,Assoc-acdm,12,Never-married,?,Not-in-family,White,Female,0,0,45,United-States,<=50K
21,Private,204596,Assoc-acdm,12,Never-married,Adm-clerical,Own-child,White,Female,0,0,8,United-States,<=50K
38,Self-emp-not-inc,112158,HS-grad,9,Married-civ-spouse,Exec-managerial,Husband,White,Male,0,0,99,United-States,<=50K
19,State-gov,282721,Some-college,10,Never-married,Other-service,Not-in-family,Black,Male,0,0,12,United-States,<=50K
38,Private,192939,HS-grad,9,Divorced,Craft-repair,Unmarried,White,Male,0,0,40,United-States,<=50K
26,Private,177929,Bachelors,13,Never-married,Sales,Not-in-family,White,Male,0,0,48,United-States,<=50K
52,Private,117295,1st-4th,2,Married-civ-spouse,Exec-managerial,Husband,White,Male,0,0,50,United-States,>50K
59,Private,100313,HS-grad,9,Married-civ-spouse,Exec-managerial,Husband,White,Male,0,1887,40,United-States,>50K
29,Private,81057,Some-college,10,Never-married,Adm-clerical,Own-child,White,Female,0,0,40,United-States,<=50K
44,Self-emp-not-inc,219591,Some-college,10,Married-civ-spouse,Craft-repair,Husband,White,Male,0,0,40,United-States,<=50K
42,Private,20809,HS-grad,9,Divorced,Craft-repair,Not-in-family,White,Male,0,0,75,United-States,>50K
17,Private,244523,10th,6,Never-married,Other-service,Own-child,White,Male,0,0,20,United-States,<=50K
43,Private,64631,HS-grad,9,Married-civ-spouse,Craft-repair,Husband,White,Male,0,0,40,United-States,<=50K
44,Private,194049,Some-college,10,Divorced,Other-service,Unmarried,Black,Female,0,0,35,United-States,<=50K
43,Federal-gov,77370,HS-grad,9,Married-civ-spouse,Transport-moving,Husband,White,Male,0,0,40,United-States,<=50K
43,Private,159549,HS-grad,9,Married-civ-spouse,Craft-repair,Husband,White,Male,0,0,40,United-States,<=50K
44,Self-emp-not-inc,163985,Prof-school,15,Married-civ-spouse,Prof-specialty,Husband,White,Male,0,0,32,United-States,>50K
46,Private,116666,HS-grad,9,Divorced,Exec-managerial,Not-in-family,White,Female,0,0,40,United-States,<=50K
52,Private,208302,HS-grad,9,Married-civ-spouse,Sales,Husband,White,Male,0,0,36,United-States,<=50K
55,Private,169611,11th,7,Widowed,Adm-clerical,Unmarried,White,Female,0,0,40,United-States,<=50K
21,?,494638,Assoc-acdm,12,Never-married,?,Own-child,White,Male,0,0,15,United-States,<=50K
43,Self-emp-not-inc,144218,12th,8,Married-civ-spouse,Transport-moving,Husband,White,Male,0,0,60,United-States,<=50K
37,Private,284582,Masters,14,Married-civ-spouse,Exec-managerial,Wife,White,Female,0,0,40,United-States,<=50K
28,Private,109282,Some-college,10,Divorced,Prof-specialty,Not-in-family,White,Male,0,0,40,United-States,<=50K
45,Private,260490,Masters,14,Married-civ-spouse,Exec-managerial,Husband,White,Male,0,0,50,United-States,>50K
42,?,321086,Masters,14,Married-civ-spouse,?,Husband,White,Male,0,0,50,United-States,<=50K
26,Private,120238,Bachelors,13,Never-married,Craft-repair,Not-in-family,White,Male,3325,0,40,United-States,<=50K
71,Private,187493,HS-grad,9,Married-civ-spouse,Protective-serv,Husband,White,Male,0,0,40,United-States,>50K
59,Federal-gov,100931,HS-grad,9,Married-civ-spouse,Adm-clerical,Husband,White,Male,0,0,40,United-States,>50K
31,Private,46807,Bachelors,13,Never-married,Tech-support,Not-in-family,White,Male,0,0,40,United-States,<=50K
41,Private,111483,HS-grad,9,Never-married,Adm-clerical,Own-child,White,Male,0,0,40,United-States,<=50K
33,Self-emp-not-inc,37939,Bachelors,13,Married-civ-spouse,Craft-repair,Husband,White,Male,0,0,35,United-States,<=50K
41,Federal-gov,192589,Bachelors,13,Married-civ-spouse,Adm-clerical,Husband,White,Male,0,0,40,United-States,<=50K
40,Private,193995,HS-grad,9,Married-civ-spouse,Other-service,Husband,White,Male,0,0,30,United-States,<=50K
40,Private,155190,10th,6,Never-married,Craft-repair,Other-relative,Black,Male,0,0,55,United-States,<=50K
48,State-gov,224474,Some-college,10,Divorced,Exec-managerial,Not-in-family,White,Female,0,0,40,United-States,<=50K
42,Self-emp-not-inc,238188,HS-grad,9,Married-civ-spouse,Transport-moving,Husband,White,Male,0,0,96,United-States,<=50K
45,State-gov,271962,Bachelors,13,Divorced,Protective-serv,Not-in-family,White,Female,0,0,40,United-States,<=50K
26,Private,63577,Some-college,10,Never-married,Other-service,Not-in-family,White,Female,0,0,30,United-States,<=50K
62,Private,197514,HS-grad,9,Married-civ-spouse,Sales,Wife,White,Female,0,0,16,United-States,<=50K
36,Private,231948,HS-grad,9,Married-civ-spouse,Craft-repair,Husband,White,Male,0,0,64,United-States,>50K
17,Private,78602,11th,7,Never-married,Other-service,Other-relative,White,Female,0,0,20,United-States,<=50K
27,Private,118230,Bachelors,13,Never-married,Exec-managerial,Own-child,White,Female,0,0,40,United-States,<=50K
35,Private,148903,HS-grad,9,Married-civ-spouse,Other-service,Wife,White,Female,0,0,16,United-States,>50K
56,Local-gov,160829,HS-grad,9,Divorced,Adm-clerical,Not-in-family,White,Female,0,0,46,United-States,<=50K
23,Self-emp-not-inc,258298,Bachelors,13,Never-married,Adm-clerical,Own-child,White,Male,0,2231,40,United-States,>50K
42,State-gov,219553,Masters,14,Divorced,Prof-specialty,Not-in-family,White,Female,0,0,38,United-States,<=50K
57,Private,74156,HS-grad,9,Married-civ-spouse,Other-service,Husband,White,Male,0,0,30,United-States,<=50K
36,Private,234271,Some-college,10,Never-married,Craft-repair,Not-in-family,White,Female,0,0,40,United-States,<=50K
17,Private,183066,10th,6,Never-married,Other-service,Own-child,White,Female,0,0,40,United-States,<=50K
32,Private,43403,Some-college,10,Divorced,Farming-fishing,Not-in-family,White,Female,0,1590,54,United-States,<=50K
41,Private,174540,Some-college,10,Married-civ-spouse,Prof-specialty,Husband,Black,Male,0,0,4,United-States,<=50K
53,Self-emp-inc,128272,Doctorate,16,Married-civ-spouse,Exec-managerial,Husband,White,Male,0,0,70,United-States,>50K
38,Private,233717,Some-college,10,Divorced,Exec-managerial,Unmarried,Black,Male,0,0,60,United-States,<=50K
20,Private,216825,HS-grad,9,Never-married,Sales,Own-child,White,Female,0,0,25,Mexico,<=50K
17,Private,57324,10th,6,Never-married,Other-service,Own-child,White,Male,0,0,30,United-States,<=50K
28,Private,119793,HS-grad,9,Never-married,Sales,Own-child,White,Male,0,0,60,United-States,<=50K
39,Private,86643,Some-college,10,Never-married,Craft-repair,Not-in-family,White,Male,0,0,50,United-States,<=50K
43,Private,212847,Some-college,10,Divorced,Machine-op-inspct,Not-in-family,White,Male,0,0,40,United-States,<=50K
35,Private,214816,Bachelors,13,Married-civ-spouse,Exec-managerial,Husband,White,Male,0,0,40,United-States,>50K
50,Self-emp-not-inc,172281,HS-grad,9,Married-civ-spouse,Exec-managerial,Husband,White,Male,7688,0,50,United-States,>50K
40,Private,96055,HS-grad,9,Separated,Adm-clerical,Unmarried,White,Female,0,0,45,United-States,<=50K
53,?,64322,7th-8th,4,Separated,?,Not-in-family,White,Male,0,0,40,United-States,<=50K
42,Private,109912,Some-college,10,Never-married,Tech-support,Not-in-family,White,Female,0,0,40,United-States,>50K
46,Federal-gov,325573,HS-grad,9,Never-married,Handlers-cleaners,Not-in-family,White,Male,0,0,40,United-States,<=50K
21,Federal-gov,99199,HS-grad,9,Never-married,Adm-clerical,Own-child,White,Male,0,0,36,United-States,<=50K
39,Private,196673,HS-grad,9,Married-civ-spouse,Other-service,Wife,White,Female,5013,0,40,United-States,<=50K
30,Private,46712,HS-grad,9,Divorced,Other-service,Not-in-family,White,Female,0,0,40,United-States,<=50K
36,State-gov,119272,HS-grad,9,Married-civ-spouse,Protective-serv,Husband,White,Male,7298,0,40,United-States,>50K
43,Private,247162,Assoc-acdm,12,Never-married,Sales,Own-child,White,Male,0,0,40,United-States,<=50K
35,Private,334291,Some-college,10,Married-civ-spouse,Craft-repair,Husband,White,Male,0,0,50,United-States,<=50K
42,Local-gov,1125613,HS-grad,9,Divorced,Other-service,Not-in-family,Black,Male,0,0,40,United-States,<=50K
68,Private,104438,Bachelors,13,Married-civ-spouse,Prof-specialty,Husband,White,Male,0,0,40,Ireland,>50K
52,Private,204447,HS-grad,9,Married-civ-spouse,Machine-op-inspct,Husband,White,Male,4386,0,40,United-States,>50K
42,Private,59474,HS-grad,9,Divorced,Machine-op-inspct,Not-in-family,White,Male,0,0,40,United-States,<=50K
31,Private,323055,HS-grad,9,Married-civ-spouse,Transport-moving,Husband,White,Male,0,0,50,United-States,>50K
59,Private,196482,HS-grad,9,Widowed,Adm-clerical,Unmarried,White,Female,0,0,40,United-States,<=50K
24,Private,653574,HS-grad,9,Never-married,Craft-repair,Own-child,White,Male,0,0,40,El-Salvador,<=50K
23,Private,434467,HS-grad,9,Never-married,Sales,Not-in-family,White,Male,0,0,48,United-States,<=50K
36,Private,135162,HS-grad,9,Never-married,Sales,Own-child,White,Male,0,0,45,?,<=50K
21,Private,231160,Some-college,10,Never-married,Other-service,Own-child,White,Male,0,0,25,United-States,<=50K
17,Private,151799,11th,7,Never-married,Other-service,Own-child,White,Female,0,0,20,United-States,<=50K
34,Private,197886,Bachelors,13,Married-civ-spouse,Sales,Husband,White,Male,0,0,60,United-States,>50K
33,Private,173248,HS-grad,9,Married-civ-spouse,Other-service,Husband,Black,Male,0,0,35,United-States,<=50K
20,Private,165804,Some-college,10,Never-married,Adm-clerical,Own-child,Other,Female,0,0,40,United-States,<=50K
18,Private,157131,11th,7,Never-married,Sales,Own-child,White,Female,0,0,30,United-States,<=50K
37,Private,105044,Some-college,10,Married-civ-spouse,Exec-managerial,Husband,White,Male,0,0,42,United-States,>50K
22,?,217421,Some-college,10,Never-married,?,Own-child,White,Female,0,0,30,United-States,<=50K
18,Private,186909,Some-college,10,Never-married,Other-service,Own-child,White,Female,0,0,16,United-States,<=50K
46,Private,187715,Some-college,10,Married-civ-spouse,Sales,Husband,White,Male,0,0,50,United-States,<=50K
38,Private,196123,HS-grad,9,Married-civ-spouse,Craft-repair,Husband,White,Male,0,0,50,United-States,<=50K
57,Private,140426,Doctorate,16,Married-civ-spouse,Tech-support,Husband,White,Male,0,1977,40,Germany,>50K
27,Private,42696,HS-grad,9,Married-spouse-absent,Other-service,Unmarried,White,Female,0,0,40,United-States,<=50K
25,Private,323545,HS-grad,9,Never-married,Tech-support,Not-in-family,Black,Female,0,0,40,United-States,<=50K
20,Private,84726,Some-college,10,Never-married,Tech-support,Not-in-family,White,Female,0,0,40,United-States,<=50K
38,Self-emp-inc,187411,HS-grad,9,Married-civ-spouse,Exec-managerial,Husband,White,Male,0,0,40,United-States,>50K
53,Private,178356,Assoc-acdm,12,Married-civ-spouse,Exec-managerial,Husband,White,Male,2407,0,99,United-States,<=50K
32,Private,207201,Bachelors,13,Never-married,Prof-specialty,Not-in-family,White,Male,0,0,45,United-States,>50K
33,Federal-gov,615893,Masters,14,Married-civ-spouse,Transport-moving,Husband,Black,Male,0,0,40,Nicaragua,<=50K
19,?,172582,Some-college,10,Never-married,?,Own-child,White,Male,0,0,50,United-States,<=50K
36,Private,134367,HS-grad,9,Divorced,Other-service,Own-child,White,Female,0,0,30,United-States,<=50K
26,Local-gov,80485,Bachelors,13,Never-married,Prof-specialty,Not-in-family,White,Female,0,0,38,United-States,<=50K
33,Private,96128,11th,7,Never-married,Craft-repair,Own-child,White,Male,0,0,40,United-States,<=50K
46,Private,191204,Assoc-voc,11,Never-married,Exec-managerial,Own-child,White,Female,0,0,40,United-States,<=50K
24,State-gov,231473,Assoc-acdm,12,Married-civ-spouse,Adm-clerical,Husband,White,Male,0,0,30,United-States,<=50K
45,Private,255348,Some-college,10,Divorced,Exec-managerial,Not-in-family,White,Female,0,0,40,United-States,<=50K
30,Private,133602,Bachelors,13,Divorced,Exec-managerial,Not-in-family,White,Male,0,0,40,United-States,<=50K
26,Self-emp-not-inc,109609,Some-college,10,Separated,Craft-repair,Not-in-family,White,Male,0,0,30,United-States,<=50K
24,Private,229773,Some-college,10,Married-civ-spouse,Craft-repair,Husband,White,Male,0,0,35,United-States,<=50K
37,Private,269329,Assoc-voc,11,Divorced,Prof-specialty,Not-in-family,White,Female,8614,0,45,United-States,>50K
49,State-gov,391585,Bachelors,13,Married-civ-spouse,Exec-managerial,Husband,White,Male,15024,0,40,United-States,>50K
33,Self-emp-not-inc,199539,HS-grad,9,Married-civ-spouse,Transport-moving,Husband,White,Male,0,0,65,United-States,<=50K
50,Self-emp-inc,204447,Some-college,10,Divorced,Protective-serv,Not-in-family,White,Male,0,0,40,United-States,<=50K
54,Private,210736,HS-grad,9,Married-civ-spouse,Craft-repair,Husband,White,Male,0,0,40,United-States,>50K
19,Private,111232,12th,8,Never-married,Transport-moving,Own-child,White,Male,0,0,15,United-States,<=50K
41,Private,120277,Bachelors,13,Married-civ-spouse,Prof-specialty,Husband,White,Male,0,0,40,United-States,>50K
17,Private,194612,11th,7,Never-married,Other-service,Own-child,White,Male,0,0,25,United-States,<=50K
55,Federal-gov,113398,Some-college,10,Never-married,Adm-clerical,Unmarried,White,Male,0,0,40,United-States,<=50K
18,Private,118376,Some-college,10,Never-married,Other-service,Own-child,White,Female,0,0,16,?,<=50K
35,Private,341643,Bachelors,13,Never-married,Sales,Not-in-family,White,Male,0,0,55,United-States,<=50K
30,Private,97757,Assoc-voc,11,Married-civ-spouse,Prof-specialty,Wife,White,Female,0,0,36,United-States,>50K
28,Private,209641,HS-grad,9,Never-married,Other-service,Not-in-family,White,Male,0,0,32,United-States,<=50K
41,State-gov,293485,Some-college,10,Married-civ-spouse,Adm-clerical,Wife,White,Female,3103,0,40,United-States,>50K
54,Self-emp-not-inc,118365,10th,6,Divorced,Other-service,Not-in-family,Black,Female,0,0,10,United-States,<=50K
26,Local-gov,273399,Some-college,10,Never-married,Protective-serv,Not-in-family,White,Male,0,0,40,Peru,<=50K
33,?,102130,Some-college,10,Never-married,?,Own-child,White,Male,0,0,40,United-States,<=50K
46,Private,153254,HS-grad,9,Married-civ-spouse,Machine-op-inspct,Husband,Black,Male,0,0,40,United-States,<=50K
32,Private,147284,Assoc-voc,11,Married-civ-spouse,Sales,Husband,White,Male,0,0,50,United-States,>50K
41,Self-emp-not-inc,287037,HS-grad,9,Married-civ-spouse,Prof-specialty,Husband,White,Male,0,0,40,United-States,<=50K
52,Private,68982,Bachelors,13,Married-civ-spouse,Exec-managerial,Husband,White,Male,0,0,50,United-States,>50K
54,Private,53833,5th-6th,3,Married-civ-spouse,Transport-moving,Husband,White,Male,0,0,40,United-States,>50K
60,Self-emp-not-inc,236470,7th-8th,4,Married-civ-spouse,Farming-fishing,Husband,White,Male,0,0,40,United-States,<=50K
21,Private,162667,Bachelors,13,Never-married,Adm-clerical,Not-in-family,White,Male,0,0,40,Columbia,<=50K
19,Private,268392,HS-grad,9,Never-married,Sales,Unmarried,Black,Female,0,0,30,United-States,<=50K
40,Private,222011,Masters,14,Never-married,Prof-specialty,Not-in-family,White,Female,3325,0,40,United-States,<=50K
44,Local-gov,193755,Assoc-acdm,12,Never-married,Protective-serv,Not-in-family,White,Male,0,0,40,United-States,<=50K
32,Self-emp-not-inc,171091,HS-grad,9,Married-civ-spouse,Sales,Husband,White,Male,0,0,40,United-States,<=50K
45,State-gov,199326,Masters,14,Married-civ-spouse,Prof-specialty,Husband,White,Male,0,0,45,United-States,>50K
21,Private,236684,Some-college,10,Never-married,Other-service,Other-relative,Black,Female,0,0,8,United-States,<=50K
49,Private,168211,HS-grad,9,Married-civ-spouse,Protective-serv,Husband,White,Male,0,0,40,United-States,>50K
70,?,148065,Some-college,10,Married-civ-spouse,?,Husband,White,Male,0,0,4,United-States,>50K
18,Private,436163,11th,7,Never-married,Prof-specialty,Own-child,White,Male,0,0,20,United-States,<=50K
39,Private,34028,Bachelors,13,Divorced,Exec-managerial,Unmarried,White,Female,0,0,48,United-States,<=50K
38,?,212048,Prof-school,15,Divorced,?,Not-in-family,White,Female,0,0,30,United-States,<=50K
41,?,202822,HS-grad,9,Separated,?,Not-in-family,Black,Female,0,0,32,United-States,<=50K
45,Private,155093,10th,6,Divorced,Other-service,Not-in-family,Black,Female,0,0,38,Dominican-Republic,<=50K
47,Local-gov,140644,Some-college,10,Married-civ-spouse,Protective-serv,Husband,White,Male,0,0,40,United-States,>50K
20,?,273701,Some-college,10,Never-married,?,Other-relative,Black,Male,34095,0,10,United-States,<=50K
52,Private,343440,Some-college,10,Married-civ-spouse,Prof-specialty,Husband,White,Male,0,0,40,United-States,<=50K
28,Private,77760,HS-grad,9,Never-married,Other-service,Unmarried,White,Male,0,0,40,United-States,<=50K
22,Private,91842,Some-college,10,Never-married,Sales,Not-in-family,White,Female,0,0,42,United-States,<=50K
44,Private,336513,Some-college,10,Married-civ-spouse,Prof-specialty,Husband,White,Male,0,0,45,United-States,<=50K
59,Private,243226,10th,6,Divorced,Machine-op-inspct,Not-in-family,White,Female,0,0,40,United-States,<=50K
25,?,100903,Bachelors,13,Married-civ-spouse,?,Wife,White,Female,0,0,25,United-States,<=50K
56,Self-emp-not-inc,144380,Some-college,10,Married-spouse-absent,Prof-specialty,Not-in-family,Black,Male,0,0,50,United-States,<=50K
42,Private,24982,Some-college,10,Married-civ-spouse,Craft-repair,Husband,White,Male,7688,0,40,United-States,>50K
50,Private,138022,Some-college,10,Married-civ-spouse,Prof-specialty,Husband,White,Male,0,0,40,United-States,<=50K
49,Self-emp-not-inc,102110,HS-grad,9,Married-civ-spouse,Tech-support,Husband,White,Male,0,0,30,United-States,>50K
62,Private,174711,HS-grad,9,Never-married,Adm-clerical,Not-in-family,White,Female,0,0,32,United-States,<=50K
35,Private,188069,Masters,14,Never-married,Prof-specialty,Not-in-family,White,Male,13550,0,55,?,>50K
18,Private,192409,12th,8,Never-married,Other-service,Own-child,White,Female,0,0,25,United-States,<=50K
44,Private,260046,HS-grad,9,Divorced,Transport-moving,Not-in-family,White,Male,0,0,40,United-States,<=50K
54,State-gov,119565,Bachelors,13,Married-civ-spouse,Exec-managerial,Husband,White,Male,0,0,40,Puerto-Rico,>50K
22,State-gov,255575,Assoc-acdm,12,Never-married,Prof-specialty,Not-in-family,White,Female,0,0,15,United-States,<=50K
59,Private,99131,HS-grad,9,Married-civ-spouse,Adm-clerical,Wife,White,Female,0,0,40,United-States,<=50K
27,Private,190525,Assoc-voc,11,Never-married,Machine-op-inspct,Unmarried,White,Male,0,0,45,United-States,<=50K
20,?,162667,HS-grad,9,Never-married,?,Other-relative,White,Male,0,0,40,El-Salvador,<=50K
53,Private,194501,11th,7,Widowed,Other-service,Own-child,White,Female,0,0,47,United-States,<=50K
60,Local-gov,113658,Some-college,10,Married-civ-spouse,Adm-clerical,Wife,White,Female,0,0,35,United-States,<=50K
22,Private,406978,Bachelors,13,Never-married,Exec-managerial,Other-relative,White,Female,0,0,40,United-States,<=50K
56,Private,102106,HS-grad,9,Married-civ-spouse,Handlers-cleaners,Husband,White,Male,0,0,40,United-States,<=50K
31,Private,111883,HS-grad,9,Never-married,Craft-repair,Other-relative,White,Male,0,0,40,United-States,<=50K
38,Private,193372,Some-college,10,Never-married,Exec-managerial,Own-child,White,Female,0,0,40,United-States,<=50K
34,Self-emp-inc,62396,Bachelors,13,Never-married,Prof-specialty,Not-in-family,White,Female,0,0,62,United-States,>50K
27,Private,357348,HS-grad,9,Separated,Other-service,Unmarried,White,Female,0,0,50,United-States,<=50K
51,Private,204447,Some-college,10,Married-civ-spouse,Prof-specialty,Husband,White,Male,0,0,45,United-States,>50K
22,Private,200109,HS-grad,9,Married-civ-spouse,Priv-house-serv,Wife,White,Female,4508,0,40,United-States,<=50K
19,?,26620,Some-college,10,Never-married,?,Own-child,White,Female,0,0,40,United-States,<=50K
58,Private,317479,HS-grad,9,Divorced,Machine-op-inspct,Not-in-family,Black,Female,0,0,40,United-States,<=50K
48,Private,287480,Masters,14,Married-civ-spouse,Tech-support,Husband,White,Male,0,0,40,United-States,>50K
30,Private,132565,Some-college,10,Never-married,Craft-repair,Unmarried,White,Male,0,0,40,United-States,<=50K
19,Private,238474,Some-college,10,Never-married,Sales,Own-child,White,Male,0,0,25,United-States,<=50K
28,State-gov,130620,11th,7,Separated,Adm-clerical,Unmarried,Asian-Pac-Islander,Female,0,0,40,India,<=50K
51,Private,122288,Some-college,10,Widowed,Machine-op-inspct,Unmarried,White,Female,0,0,36,United-States,<=50K
61,Private,133164,7th-8th,4,Never-married,Other-service,Not-in-family,White,Male,0,0,48,United-States,<=50K
27,Private,238859,Assoc-voc,11,Never-married,Craft-repair,Not-in-family,White,Male,0,0,40,United-States,<=50K
41,Self-emp-not-inc,142725,HS-grad,9,Married-civ-spouse,Transport-moving,Husband,White,Male,0,0,45,United-States,<=50K
19,Private,99246,11th,7,Never-married,Machine-op-inspct,Not-in-family,White,Female,0,0,25,United-States,<=50K
37,Private,117381,Masters,14,Married-civ-spouse,Prof-specialty,Husband,White,Male,0,0,45,United-States,<=50K
50,Private,270194,Bachelors,13,Married-civ-spouse,Exec-managerial,Husband,White,Male,0,0,60,United-States,<=50K
24,Private,237928,Bachelors,13,Never-married,Prof-specialty,Not-in-family,White,Male,0,0,39,United-States,<=50K
30,Private,95299,HS-grad,9,Married-civ-spouse,Machine-op-inspct,Husband,Asian-Pac-Islander,Male,0,0,40,Vietnam,>50K
21,Private,162228,Some-college,10,Never-married,Adm-clerical,Own-child,White,Male,0,0,40,United-States,<=50K
57,Self-emp-inc,172654,Prof-school,15,Married-civ-spouse,Transport-moving,Husband,White,Male,15024,0,50,United-States,>50K
26,Private,165673,HS-grad,9,Married-civ-spouse,Sales,Husband,White,Male,0,0,40,United-States,<=50K
26,Private,189238,9th,5,Never-married,Other-service,Own-child,White,Female,0,0,38,El-Salvador,<=50K
30,Private,77266,HS-grad,9,Divorced,Transport-moving,Not-in-family,White,Male,0,0,55,United-States,<=50K
42,Private,173628,Bachelors,13,Married-civ-spouse,Exec-managerial,Husband,White,Male,0,0,40,United-States,>50K
33,Private,477106,HS-grad,9,Married-civ-spouse,Transport-moving,Husband,Black,Male,0,0,40,United-States,<=50K
52,Private,117700,HS-grad,9,Divorced,Adm-clerical,Not-in-family,White,Female,0,0,40,United-States,<=50K
61,Self-emp-inc,61040,Some-college,10,Married-civ-spouse,Sales,Husband,White,Male,7688,0,36,United-States,>50K
52,Self-emp-not-inc,195462,HS-grad,9,Married-civ-spouse,Farming-fishing,Husband,White,Male,0,0,98,United-States,>50K
27,?,308995,Some-college,10,Divorced,?,Own-child,Black,Female,0,0,40,United-States,<=50K
44,Private,162643,HS-grad,9,Never-married,Adm-clerical,Not-in-family,White,Female,0,0,43,United-States,<=50K
53,Private,424079,Masters,14,Married-civ-spouse,Exec-managerial,Husband,White,Male,15024,0,55,United-States,>50K
51,Private,208899,Bachelors,13,Separated,Adm-clerical,Unmarried,White,Female,0,0,40,United-States,<=50K
28,Private,90547,HS-grad,9,Married-civ-spouse,Other-service,Wife,Black,Female,0,0,23,United-States,<=50K
41,Private,155657,11th,7,Never-married,Handlers-cleaners,Other-relative,Black,Female,0,0,40,United-States,<=50K
44,Local-gov,254146,Masters,14,Married-civ-spouse,Prof-specialty,Husband,White,Male,0,0,40,United-States,>50K
45,Private,81534,HS-grad,9,Married-civ-spouse,Other-service,Husband,Asian-Pac-Islander,Male,0,0,84,Japan,>50K
17,Private,108909,HS-grad,9,Never-married,Sales,Own-child,White,Female,0,0,20,United-States,<=50K
27,Private,197380,Assoc-acdm,12,Never-married,Prof-specialty,Not-in-family,White,Male,0,0,40,United-States,<=50K
51,Private,168660,HS-grad,9,Married-civ-spouse,Exec-managerial,Husband,White,Male,0,0,50,United-States,<=50K
39,Private,203180,Some-college,10,Divorced,Farming-fishing,Unmarried,White,Female,0,0,45,United-States,<=50K
26,Private,421561,11th,7,Married-civ-spouse,Other-service,Other-relative,White,Male,0,0,25,United-States,<=50K
45,Private,182313,Bachelors,13,Married-civ-spouse,Exec-managerial,Husband,White,Male,7688,0,50,United-States,>50K
60,Private,184242,HS-grad,9,Married-spouse-absent,Other-service,Unmarried,White,Female,0,0,20,United-States,<=50K
24,?,212300,HS-grad,9,Separated,?,Not-in-family,White,Female,0,0,38,United-States,<=50K
63,Local-gov,150079,HS-grad,9,Married-civ-spouse,Adm-clerical,Wife,White,Female,0,0,35,United-States,>50K
21,?,415913,Some-college,10,Never-married,?,Own-child,White,Male,0,0,40,United-States,<=50K
23,?,72953,HS-grad,9,Never-married,?,Not-in-family,White,Male,0,0,40,United-States,<=50K
78,?,165694,Masters,14,Widowed,?,Not-in-family,White,Female,0,0,15,United-States,<=50K
52,Private,194259,7th-8th,4,Married-civ-spouse,Exec-managerial,Wife,White,Female,0,0,50,United-States,<=50K
43,Private,221550,Masters,14,Never-married,Other-service,Not-in-family,White,Female,0,0,30,Poland,<=50K
47,Private,185041,Some-college,10,Married-civ-spouse,Craft-repair,Husband,White,Male,7298,0,40,United-States,>50K
40,Private,150471,Assoc-acdm,12,Divorced,Other-service,Not-in-family,White,Female,0,0,40,United-States,<=50K
18,Private,179203,Some-college,10,Never-married,Sales,Own-child,White,Female,0,0,20,United-States,<=50K
49,State-gov,231961,Doctorate,16,Divorced,Prof-specialty,Unmarried,White,Male,0,0,50,United-States,>50K
23,Private,122346,HS-grad,9,Never-married,Sales,Own-child,White,Male,0,0,40,United-States,<=50K
61,Private,204908,9th,5,Married-civ-spouse,Craft-repair,Husband,White,Male,0,0,40,United-States,<=50K
43,Private,180599,Bachelors,13,Separated,Exec-managerial,Unmarried,White,Male,8614,0,40,United-States,>50K
37,Private,151835,Prof-school,15,Married-civ-spouse,Sales,Husband,White,Male,0,0,45,United-States,>50K
41,Local-gov,33658,Some-college,10,Married-civ-spouse,Protective-serv,Husband,White,Male,0,0,45,United-States,>50K
52,Private,87205,HS-grad,9,Divorced,Other-service,Not-in-family,White,Female,0,0,38,United-States,<=50K
34,Private,227689,Assoc-voc,11,Divorced,Tech-support,Not-in-family,White,Female,0,0,64,United-States,<=50K
61,Self-emp-not-inc,117387,11th,7,Married-civ-spouse,Exec-managerial,Husband,White,Male,0,0,20,United-States,<=50K
19,Federal-gov,215891,Some-college,10,Never-married,Adm-clerical,Own-child,White,Female,0,0,10,United-States,<=50K
42,Private,196626,7th-8th,4,Married-civ-spouse,Craft-repair,Husband,White,Male,0,0,40,United-States,<=50K
68,Private,165017,HS-grad,9,Married-civ-spouse,Prof-specialty,Husband,White,Male,0,0,40,Italy,>50K
31,Private,182237,Assoc-acdm,12,Married-civ-spouse,Sales,Husband,White,Male,4386,0,45,United-States,>50K
32,Private,30497,Assoc-voc,11,Married-civ-spouse,Tech-support,Husband,White,Male,0,0,40,United-States,<=50K
34,Private,183557,HS-grad,9,Divorced,Machine-op-inspct,Not-in-family,White,Female,0,0,25,United-States,<=50K
36,Private,342642,Masters,14,Never-married,Exec-managerial,Not-in-family,White,Male,0,0,15,United-States,<=50K
60,Private,116707,Some-college,10,Married-civ-spouse,Sales,Husband,White,Male,7298,0,40,United-States,>50K
47,Private,165937,HS-grad,9,Married-civ-spouse,Machine-op-inspct,Husband,White,Male,0,0,50,United-States,>50K
47,Federal-gov,197038,Bachelors,13,Married-civ-spouse,Prof-specialty,Husband,White,Male,0,0,50,United-States,<=50K
30,Private,241885,Some-college,10,Married-civ-spouse,Farming-fishing,Husband,White,Male,0,0,40,United-States,<=50K
59,Private,167963,HS-grad,9,Never-married,Adm-clerical,Unmarried,White,Male,0,0,40,United-States,<=50K
58,Private,100960,9th,5,Married-civ-spouse,Handlers-cleaners,Husband,White,Male,0,0,40,United-States,<=50K
42,Private,119679,HS-grad,9,Married-civ-spouse,Machine-op-inspct,Husband,White,Male,0,1579,42,United-States,<=50K
58,Self-emp-not-inc,43221,Some-college,10,Married-civ-spouse,Farming-fishing,Husband,White,Male,0,2415,40,United-States,>50K
33,Private,123920,Some-college,10,Never-married,Exec-managerial,Not-in-family,Black,Female,0,0,40,United-States,<=50K
37,Private,184556,Some-college,10,Divorced,Tech-support,Unmarried,White,Female,0,0,40,United-States,<=50K
39,Private,248445,5th-6th,3,Married-civ-spouse,Handlers-cleaners,Husband,White,Male,0,0,40,Mexico,<=50K
44,Private,214242,Some-college,10,Married-civ-spouse,Transport-moving,Husband,White,Male,0,0,50,United-States,>50K
35,Private,105803,Some-college,10,Married-civ-spouse,Craft-repair,Husband,White,Male,0,0,50,United-States,>50K
26,Private,459548,HS-grad,9,Never-married,Handlers-cleaners,Not-in-family,White,Male,0,0,20,Mexico,<=50K
41,Local-gov,133692,Bachelors,13,Divorced,Protective-serv,Unmarried,White,Female,0,0,40,United-States,<=50K
18,Private,83451,HS-grad,9,Never-married,Other-service,Own-child,White,Female,0,0,30,United-States,<=50K
32,?,169186,HS-grad,9,Married-civ-spouse,?,Husband,White,Male,0,0,5,United-States,<=50K
31,Private,243165,Bachelors,13,Never-married,Prof-specialty,Unmarried,White,Male,0,0,40,United-States,<=50K
20,Private,39234,HS-grad,9,Never-married,Other-service,Own-child,White,Male,0,0,30,United-States,<=50K
48,Private,235646,Some-college,10,Married-civ-spouse,Sales,Husband,White,Male,3103,0,40,United-States,>50K
32,Private,295589,Masters,14,Married-civ-spouse,Exec-managerial,Husband,Black,Male,0,1977,40,United-States,>50K
45,Private,55720,Bachelors,13,Married-civ-spouse,Prof-specialty,Husband,White,Male,0,0,40,United-States,>50K
36,Private,111128,Bachelors,13,Married-civ-spouse,Prof-specialty,Husband,White,Male,0,0,48,United-States,>50K
34,Private,340458,12th,8,Never-married,Adm-clerical,Unmarried,White,Female,0,0,40,United-States,<=50K
39,Private,172425,Assoc-voc,11,Married-civ-spouse,Adm-clerical,Wife,White,Female,0,0,20,United-States,>50K
53,Private,151864,HS-grad,9,Married-civ-spouse,Craft-repair,Husband,White,Male,0,0,40,United-States,<=50K
49,Private,281647,Masters,14,Married-civ-spouse,Exec-managerial,Husband,White,Male,0,0,45,United-States,>50K
33,Private,193285,Bachelors,13,Married-civ-spouse,Prof-specialty,Husband,White,Male,0,0,38,United-States,>50K
38,Federal-gov,122493,Bachelors,13,Married-civ-spouse,Prof-specialty,Husband,White,Male,4064,0,40,United-States,<=50K
29,Private,334221,Some-college,10,Never-married,Other-service,Not-in-family,White,Female,0,0,18,United-States,<=50K
48,Private,155509,Some-college,10,Never-married,Craft-repair,Not-in-family,Black,Female,0,0,40,United-States,<=50K
35,Local-gov,195516,HS-grad,9,Divorced,Exec-managerial,Not-in-family,White,Male,0,0,40,United-States,<=50K
22,Private,361487,HS-grad,9,Never-married,Craft-repair,Not-in-family,White,Male,0,0,40,United-States,<=50K
54,State-gov,137065,Doctorate,16,Never-married,Exec-managerial,Not-in-family,White,Female,0,0,40,United-States,>50K
45,Private,377757,9th,5,Married-civ-spouse,Transport-moving,Husband,White,Male,0,0,40,United-States,<=50K
19,Federal-gov,30559,HS-grad,9,Married-AF-spouse,Sales,Wife,White,Female,0,0,40,United-States,<=50K
25,Private,209230,HS-grad,9,Never-married,Other-service,Own-child,White,Female,0,0,6,United-States,<=50K
49,Private,181363,Masters,14,Married-civ-spouse,Exec-managerial,Husband,White,Male,0,0,45,United-States,>50K
25,Private,509866,HS-grad,9,Never-married,Transport-moving,Not-in-family,White,Male,0,0,78,United-States,<=50K
19,?,170653,HS-grad,9,Never-married,?,Own-child,White,Male,0,0,40,Italy,<=50K
65,Self-emp-not-inc,78875,Some-college,10,Married-civ-spouse,Exec-managerial,Husband,White,Male,2290,0,40,United-States,<=50K
36,Private,256636,HS-grad,9,Divorced,Exec-managerial,Not-in-family,White,Male,0,0,40,United-States,<=50K
53,Private,55139,HS-grad,9,Never-married,Farming-fishing,Not-in-family,White,Male,0,0,10,United-States,<=50K
28,Private,70034,7th-8th,4,Never-married,Adm-clerical,Own-child,White,Male,0,0,40,Portugal,<=50K
33,Private,240979,Some-college,10,Never-married,Exec-managerial,Not-in-family,White,Male,0,0,40,United-States,<=50K
19,?,129586,Some-college,10,Never-married,?,Own-child,White,Male,0,0,40,United-States,<=50K
27,Private,200928,Some-college,10,Never-married,Sales,Own-child,White,Male,0,0,22,United-States,<=50K
43,Private,96483,HS-grad,9,Divorced,Other-service,Own-child,Asian-Pac-Islander,Female,0,0,40,South,<=50K
27,Private,91189,HS-grad,9,Never-married,Adm-clerical,Own-child,White,Male,0,0,40,United-States,<=50K
26,Private,142081,HS-grad,9,Married-civ-spouse,Other-service,Wife,White,Female,0,0,40,Mexico,<=50K
32,Private,184833,10th,6,Separated,Craft-repair,Unmarried,White,Female,0,0,40,United-States,<=50K
49,?,171411,9th,5,Divorced,?,Not-in-family,White,Male,0,0,40,United-States,<=50K
33,Private,86492,HS-grad,9,Never-married,Transport-moving,Not-in-family,White,Male,0,0,87,United-States,<=50K
17,Private,117798,10th,6,Never-married,Other-service,Own-child,White,Male,0,0,20,United-States,<=50K
47,Private,145886,Some-college,10,Divorced,Other-service,Unmarried,White,Female,0,0,40,United-States,<=50K
38,Private,283122,HS-grad,9,Married-civ-spouse,Machine-op-inspct,Husband,White,Male,0,0,40,United-States,>50K
24,Private,187937,Bachelors,13,Never-married,Prof-specialty,Unmarried,White,Female,0,0,40,United-States,<=50K
45,Private,242552,Some-college,10,Never-married,Sales,Not-in-family,Black,Male,0,0,40,United-States,<=50K
36,?,370585,HS-grad,9,Married-civ-spouse,?,Husband,Black,Male,0,0,40,United-States,<=50K
42,Private,37869,Some-college,10,Divorced,Machine-op-inspct,Not-in-family,White,Male,0,1590,40,United-States,<=50K
66,?,376028,HS-grad,9,Married-civ-spouse,?,Wife,White,Female,0,0,20,United-States,<=50K
45,Private,101320,HS-grad,9,Divorced,Adm-clerical,Unmarried,White,Female,0,0,40,United-States,<=50K
33,Private,342730,Some-college,10,Married-civ-spouse,Sales,Husband,White,Male,0,0,52,United-States,<=50K
19,Local-gov,27382,Some-college,10,Never-married,Adm-clerical,Own-child,White,Male,0,0,40,United-States,<=50K
50,Private,558490,HS-grad,9,Divorced,Adm-clerical,Not-in-family,Black,Male,0,0,40,United-States,<=50K
49,Private,142287,Some-college,10,Married-civ-spouse,Adm-clerical,Husband,White,Male,0,1902,50,United-States,>50K
45,Private,167523,HS-grad,9,Married-civ-spouse,Transport-moving,Husband,White,Male,0,2179,45,United-States,<=50K
90,Private,90523,HS-grad,9,Widowed,Transport-moving,Unmarried,White,Male,0,0,99,United-States,<=50K
29,Private,183061,HS-grad,9,Married-civ-spouse,Craft-repair,Husband,Amer-Indian-Eskimo,Male,0,0,48,United-States,<=50K
27,Private,133937,Masters,14,Never-married,Sales,Own-child,White,Male,0,0,40,United-States,<=50K
39,Private,101020,12th,8,Married-civ-spouse,Machine-op-inspct,Husband,White,Male,0,0,40,United-States,<=50K
24,Private,200295,Some-college,10,Never-married,Craft-repair,Not-in-family,White,Male,0,0,40,United-States,<=50K
30,State-gov,193380,Bachelors,13,Never-married,Prof-specialty,Other-relative,White,Male,0,0,35,United-States,<=50K
51,Self-emp-not-inc,156802,HS-grad,9,Married-civ-spouse,Farming-fishing,Husband,White,Male,3103,0,60,United-States,>50K
35,Private,113481,Doctorate,16,Married-civ-spouse,Prof-specialty,Husband,White,Male,0,0,60,United-States,<=50K
18,Private,130849,Some-college,10,Never-married,Sales,Own-child,White,Female,0,0,15,United-States,<=50K
34,Private,243165,Bachelors,13,Married-civ-spouse,Other-service,Husband,White,Male,0,0,30,United-States,>50K
24,Local-gov,184678,Bachelors,13,Never-married,Prof-specialty,Not-in-family,White,Female,0,0,40,United-States,<=50K
25,Private,421467,Assoc-acdm,12,Never-married,Handlers-cleaners,Own-child,White,Male,0,0,26,United-States,<=50K
45,Self-emp-inc,180239,Prof-school,15,Married-civ-spouse,Exec-managerial,Husband,Asian-Pac-Islander,Male,7688,0,40,?,>50K
20,Private,132320,Some-college,10,Separated,Craft-repair,Not-in-family,White,Male,0,0,40,United-States,<=50K
41,Private,394669,Bachelors,13,Never-married,Prof-specialty,Not-in-family,White,Female,0,1741,40,United-States,<=50K
37,Private,176014,HS-grad,9,Married-civ-spouse,Sales,Husband,White,Male,0,0,50,United-States,<=50K
26,Private,102476,Bachelors,13,Married-civ-spouse,Exec-managerial,Husband,White,Male,0,0,40,United-States,<=50K
24,Private,293579,HS-grad,9,Never-married,Sales,Own-child,Black,Female,0,0,20,United-States,<=50K
33,Self-emp-inc,281832,Doctorate,16,Married-civ-spouse,Prof-specialty,Husband,White,Male,0,0,40,Cuba,>50K
26,Private,243560,Some-college,10,Never-married,Sales,Unmarried,White,Female,0,0,40,?,<=50K
49,Private,50567,Some-college,10,Divorced,Adm-clerical,Not-in-family,White,Female,0,0,32,United-States,<=50K
47,Private,344916,Assoc-acdm,12,Divorced,Transport-moving,Not-in-family,Black,Male,0,0,40,United-States,<=50K
37,Private,355856,Bachelors,13,Married-civ-spouse,Craft-repair,Husband,Asian-Pac-Islander,Male,0,0,40,Cambodia,>50K
26,Private,109186,Some-college,10,Married-civ-spouse,Sales,Husband,White,Male,0,0,50,Germany,<=50K
35,Private,182074,HS-grad,9,Divorced,Handlers-cleaners,Own-child,White,Male,0,0,35,United-States,<=50K
44,Local-gov,144778,Bachelors,13,Married-civ-spouse,Prof-specialty,Husband,White,Male,0,0,40,United-States,>50K
20,Private,117222,Some-college,10,Never-married,Tech-support,Own-child,White,Male,0,0,15,United-States,<=50K
44,Private,176063,Bachelors,13,Married-civ-spouse,Exec-managerial,Husband,White,Male,0,0,45,United-States,<=50K
38,Private,116358,Some-college,10,Married-civ-spouse,Other-service,Husband,Asian-Pac-Islander,Male,0,0,40,Philippines,<=50K
27,Private,191628,HS-grad,9,Never-married,Transport-moving,Not-in-family,Black,Male,2174,0,40,United-States,<=50K
53,Private,167651,HS-grad,9,Married-civ-spouse,Craft-repair,Husband,White,Male,0,0,40,United-States,>50K
39,Private,160123,HS-grad,9,Widowed,Adm-clerical,Not-in-family,White,Female,0,0,40,United-States,<=50K
66,State-gov,71075,Some-college,10,Divorced,Exec-managerial,Not-in-family,White,Female,0,0,55,United-States,<=50K
33,Private,109996,Assoc-acdm,12,Married-spouse-absent,Prof-specialty,Own-child,White,Female,0,0,40,United-States,<=50K
38,Private,329980,Bachelors,13,Never-married,Exec-managerial,Not-in-family,White,Male,0,0,55,United-States,<=50K
59,Private,177120,9th,5,Married-civ-spouse,Other-service,Husband,White,Male,0,0,40,United-States,<=50K
37,Private,201531,Assoc-acdm,12,Married-civ-spouse,Machine-op-inspct,Husband,White,Male,0,0,40,United-States,>50K
37,Private,215392,Bachelors,13,Divorced,Prof-specialty,Not-in-family,White,Female,0,0,40,United-States,<=50K
64,Private,66634,7th-8th,4,Married-civ-spouse,Craft-repair,Husband,White,Male,0,0,40,United-States,<=50K
35,Federal-gov,49657,Bachelors,13,Married-civ-spouse,Prof-specialty,Husband,White,Male,7298,0,40,United-States,>50K
39,Private,215095,11th,7,Never-married,Prof-specialty,Unmarried,White,Female,0,0,30,Puerto-Rico,<=50K
32,Self-emp-not-inc,62272,HS-grad,9,Divorced,Exec-managerial,Unmarried,White,Female,0,0,40,United-States,<=50K
51,Private,158508,Some-college,10,Divorced,Exec-managerial,Not-in-family,White,Female,0,0,36,United-States,<=50K
58,Private,83542,HS-grad,9,Never-married,Other-service,Not-in-family,White,Male,0,0,40,United-States,<=50K
59,Private,361494,HS-grad,9,Married-civ-spouse,Sales,Husband,White,Male,0,0,40,United-States,>50K
52,Private,160703,HS-grad,9,Married-civ-spouse,Adm-clerical,Husband,White,Male,0,0,48,United-States,<=50K
41,Private,176069,HS-grad,9,Separated,Machine-op-inspct,Unmarried,White,Female,0,0,40,United-States,<=50K
25,Private,19214,HS-grad,9,Never-married,Handlers-cleaners,Not-in-family,White,Male,0,0,40,United-States,<=50K
22,State-gov,264710,Bachelors,13,Never-married,Tech-support,Own-child,White,Female,0,0,40,United-States,<=50K
40,State-gov,50093,Masters,14,Divorced,Prof-specialty,Unmarried,White,Female,0,0,20,United-States,<=50K
55,Private,208311,Masters,14,Married-civ-spouse,Tech-support,Husband,White,Male,0,1977,20,United-States,>50K
39,Private,167482,HS-grad,9,Married-civ-spouse,Other-service,Husband,White,Male,0,0,60,United-States,>50K
63,Local-gov,86590,HS-grad,9,Married-civ-spouse,Exec-managerial,Wife,White,Female,0,0,32,United-States,<=50K
62,Private,69867,Assoc-voc,11,Married-civ-spouse,Prof-specialty,Husband,White,Male,7298,0,50,United-States,>50K
45,Private,235646,Bachelors,13,Married-civ-spouse,Exec-managerial,Husband,White,Male,0,0,40,United-States,>50K
30,Private,299507,Assoc-acdm,12,Separated,Other-service,Unmarried,White,Female,0,0,40,United-States,<=50K
47,Self-emp-not-inc,158451,Some-college,10,Divorced,Other-service,Not-in-family,White,Female,0,0,45,United-States,<=50K
22,Private,184779,HS-grad,9,Never-married,Prof-specialty,Not-in-family,White,Female,0,0,40,United-States,<=50K
57,Private,135796,10th,6,Married-civ-spouse,Machine-op-inspct,Husband,Black,Male,0,0,48,United-States,<=50K
44,Private,209174,Bachelors,13,Married-civ-spouse,Exec-managerial,Husband,White,Male,0,0,70,United-States,>50K
24,Private,152189,HS-grad,9,Never-married,Craft-repair,Own-child,White,Male,0,0,40,United-States,<=50K
32,Private,349028,HS-grad,9,Married-civ-spouse,Craft-repair,Husband,White,Male,0,0,40,United-States,<=50K
24,Private,145964,Bachelors,13,Never-married,Exec-managerial,Unmarried,White,Male,0,0,40,United-States,>50K
59,Local-gov,130532,Some-college,10,Widowed,Other-service,Not-in-family,White,Female,0,0,40,Poland,<=50K
26,Private,133373,Some-college,10,Never-married,Sales,Own-child,White,Male,0,0,42,United-States,<=50K
25,Local-gov,206002,HS-grad,9,Divorced,Tech-support,Unmarried,White,Female,0,0,40,United-States,<=50K
33,Private,59944,HS-grad,9,Never-married,Transport-moving,Not-in-family,White,Male,0,0,40,United-States,<=50K
40,Private,103395,Some-college,10,Married-civ-spouse,Craft-repair,Husband,White,Male,0,0,45,United-States,>50K
38,Private,301743,HS-grad,9,Divorced,Other-service,Not-in-family,White,Female,0,0,35,United-States,<=50K
51,Private,79324,Some-college,10,Married-civ-spouse,Sales,Husband,White,Male,0,0,40,United-States,<=50K
24,Private,488541,Some-college,10,Never-married,Other-service,Unmarried,Black,Female,0,0,35,United-States,<=50K
52,Private,312477,HS-grad,9,Widowed,Transport-moving,Not-in-family,White,Male,0,0,40,United-States,<=50K
60,Private,296485,5th-6th,3,Married-civ-spouse,Transport-moving,Husband,White,Male,0,0,40,United-States,<=50K
48,Self-emp-inc,38240,HS-grad,9,Married-civ-spouse,Farming-fishing,Husband,White,Male,0,0,40,United-States,>50K
18,?,264924,Some-college,10,Never-married,?,Own-child,White,Female,0,0,40,United-States,<=50K
24,Private,117779,Bachelors,13,Never-married,Exec-managerial,Own-child,White,Male,0,0,40,United-States,<=50K
32,Private,151773,Some-college,10,Married-civ-spouse,Craft-repair,Husband,White,Male,0,0,45,United-States,<=50K
24,State-gov,147719,Masters,14,Never-married,Prof-specialty,Not-in-family,Asian-Pac-Islander,Male,0,0,20,India,<=50K
33,Local-gov,120064,Bachelors,13,Never-married,Prof-specialty,Not-in-family,White,Female,0,0,45,United-States,<=50K
29,Private,201954,Bachelors,13,Never-married,Exec-managerial,Not-in-family,White,Male,0,0,35,United-States,<=50K
25,Private,120268,Bachelors,13,Never-married,Prof-specialty,Own-child,White,Male,0,0,70,United-States,<=50K
22,Private,58916,Some-college,10,Never-married,Adm-clerical,Not-in-family,White,Female,0,0,30,United-States,<=50K
64,Self-emp-not-inc,113929,HS-grad,9,Married-civ-spouse,Sales,Husband,White,Male,0,0,35,United-States,<=50K
47,Self-emp-not-inc,33300,Assoc-acdm,12,Never-married,Farming-fishing,Other-relative,White,Male,10520,0,45,United-States,>50K
55,Private,197399,Masters,14,Married-civ-spouse,Exec-managerial,Husband,White,Male,99999,0,55,United-States,>50K
49,Private,141944,Assoc-voc,11,Married-spouse-absent,Handlers-cleaners,Unmarried,White,Male,0,1380,42,United-States,<=50K
48,Self-emp-inc,30575,Assoc-voc,11,Married-civ-spouse,Craft-repair,Husband,White,Male,0,0,70,United-States,>50K
24,Private,229826,HS-grad,9,Never-married,Sales,Not-in-family,White,Male,0,0,30,United-States,<=50K
59,State-gov,192258,Doctorate,16,Married-civ-spouse,Prof-specialty,Husband,White,Male,0,0,40,United-States,>50K
59,Private,145574,11th,7,Married-civ-spouse,Adm-clerical,Husband,White,Male,0,0,40,United-States,<=50K
38,State-gov,364958,HS-grad,9,Married-civ-spouse,Adm-clerical,Husband,White,Male,3464,0,40,United-States,<=50K
34,Private,100669,Bachelors,13,Married-civ-spouse,Transport-moving,Husband,Asian-Pac-Islander,Male,0,0,40,United-States,>50K
31,Private,574005,Bachelors,13,Married-civ-spouse,Craft-repair,Husband,White,Male,0,0,44,United-States,>50K
43,Private,185832,Some-college,10,Married-civ-spouse,Machine-op-inspct,Husband,White,Male,0,0,48,United-States,>50K
43,Private,388725,Assoc-acdm,12,Married-civ-spouse,Sales,Husband,White,Male,0,0,40,United-States,<=50K
49,Private,268234,7th-8th,4,Married-civ-spouse,Handlers-cleaners,Husband,White,Male,0,0,40,United-States,<=50K
29,State-gov,183285,Some-college,10,Never-married,Protective-serv,Not-in-family,White,Male,0,0,36,United-States,<=50K
18,Private,152182,Some-college,10,Never-married,Other-service,Own-child,White,Female,0,0,25,United-States,<=50K
31,Private,221167,Prof-school,15,Divorced,Tech-support,Not-in-family,White,Female,0,0,35,United-States,<=50K
33,Private,171876,Some-college,10,Divorced,Other-service,Unmarried,White,Female,0,0,40,United-States,<=50K
28,Private,331381,Bachelors,13,Never-married,Adm-clerical,Not-in-family,White,Male,0,0,40,United-States,<=50K
35,?,374716,9th,5,Married-civ-spouse,?,Wife,White,Female,0,0,35,United-States,<=50K
30,Private,184687,HS-grad,9,Never-married,Prof-specialty,Own-child,White,Female,0,0,30,United-States,<=50K
56,Private,202220,Some-college,10,Separated,Tech-support,Unmarried,Black,Female,0,0,38,United-States,<=50K
34,Self-emp-inc,209538,Bachelors,13,Married-civ-spouse,Sales,Husband,White,Male,0,0,50,United-States,>50K
41,Private,116391,Bachelors,13,Married-civ-spouse,Handlers-cleaners,Husband,White,Male,0,0,40,Germany,<=50K
19,Private,100999,Bachelors,13,Never-married,Prof-specialty,Own-child,White,Female,0,0,30,United-States,<=50K
38,Private,100375,Prof-school,15,Married-civ-spouse,Prof-specialty,Husband,White,Male,99999,0,60,United-States,>50K
65,Private,95303,HS-grad,9,Married-civ-spouse,Exec-managerial,Husband,White,Male,0,0,40,United-States,>50K
23,Private,33884,Some-college,10,Separated,Sales,Unmarried,White,Female,0,0,40,United-States,<=50K
33,Private,424719,Bachelors,13,Divorced,Exec-managerial,Not-in-family,White,Female,0,0,40,United-States,<=50K
55,Private,174478,10th,6,Never-married,Other-service,Not-in-family,White,Male,0,0,29,United-States,<=50K
41,Private,102332,HS-grad,9,Divorced,Sales,Unmarried,Black,Female,0,0,40,United-States,<=50K
35,Federal-gov,250504,HS-grad,9,Married-civ-spouse,Adm-clerical,Husband,Black,Male,0,0,60,United-States,>50K
21,Private,206891,7th-8th,4,Never-married,Farming-fishing,Own-child,White,Female,0,0,38,United-States,<=50K
55,Private,124137,HS-grad,9,Married-spouse-absent,Machine-op-inspct,Not-in-family,White,Male,0,0,40,Poland,<=50K
18,Private,263024,HS-grad,9,Never-married,Sales,Own-child,White,Female,0,0,40,United-States,<=50K
44,Private,175641,11th,7,Married-civ-spouse,Sales,Husband,White,Male,0,0,40,United-States,>50K
32,Private,857532,HS-grad,9,Never-married,Machine-op-inspct,Own-child,Black,Male,0,0,40,United-States,<=50K
61,Private,80896,Masters,14,Married-civ-spouse,Prof-specialty,Husband,Asian-Pac-Islander,Male,0,0,45,India,>50K
55,Self-emp-inc,392325,Bachelors,13,Married-civ-spouse,Sales,Husband,White,Male,99999,0,60,United-States,>50K
54,Self-emp-not-inc,108435,Some-college,10,Married-civ-spouse,Transport-moving,Husband,White,Male,2829,0,30,United-States,<=50K
19,?,199495,Some-college,10,Never-married,?,Own-child,White,Male,0,0,60,United-States,<=50K
57,Private,225927,10th,6,Married-civ-spouse,Machine-op-inspct,Husband,White,Male,0,0,40,United-States,<=50K
75,Private,191446,1st-4th,2,Married-civ-spouse,Other-service,Other-relative,Black,Female,0,0,16,United-States,<=50K
46,State-gov,162852,HS-grad,9,Divorced,Adm-clerical,Unmarried,White,Female,0,0,40,United-States,<=50K
38,Private,254439,10th,6,Widowed,Transport-moving,Unmarried,Black,Male,114,0,40,United-States,<=50K
41,Private,47902,Some-college,10,Married-civ-spouse,Sales,Husband,White,Male,0,0,35,United-States,>50K
25,Self-emp-not-inc,213385,Some-college,10,Never-married,Craft-repair,Own-child,White,Male,0,0,80,United-States,<=50K
24,Private,209782,Bachelors,13,Never-married,Sales,Own-child,White,Female,0,0,40,United-States,<=50K
22,Private,148431,HS-grad,9,Never-married,Adm-clerical,Not-in-family,Other,Female,0,0,40,United-States,<=50K
59,Private,227386,10th,6,Married-civ-spouse,Craft-repair,Husband,White,Male,0,0,40,United-States,<=50K
36,Private,263130,Masters,14,Never-married,Prof-specialty,Not-in-family,White,Female,0,0,40,United-States,<=50K
59,Private,189721,Bachelors,13,Married-civ-spouse,Handlers-cleaners,Husband,White,Male,0,0,40,Italy,>50K
39,Private,388023,HS-grad,9,Divorced,Exec-managerial,Not-in-family,White,Female,0,0,38,United-States,<=50K
25,Private,27411,Bachelors,13,Divorced,Sales,Not-in-family,White,Female,0,0,40,United-States,<=50K
18,?,192399,Some-college,10,Never-married,?,Own-child,White,Male,0,0,60,United-States,<=50K
37,Private,170563,Assoc-voc,11,Separated,Prof-specialty,Unmarried,White,Female,0,0,32,United-States,<=50K
